{ "compressionlevel":-1,
 "height":1,
 "infinite":false,
 "layers":[
        {
         "data":[0, 8, 0, 0, 0],
         "height":1,
         "id":1,
         "name":"Tile Layer 1",
         "opacity":1,
         "type":"tilelayer",
         "visible":true,
         "width":5,
         "x":0,
         "y":0
        }, 
        {
         "data":[7, 0, 0, 0, 0],
         "height":1,
         "id":6,
         "name":"Features 1",
         "opacity":1,
         "type":"tilelayer",
         "visible":true,
         "width":5,
         "x":0,
         "y":0
        }, 
        {
         "data":[0, 0, 9, 0, 0],
         "height":1,
         "id":2,
         "name":"Tile Layer 2",
         "offsetx":0,
         "offsety":-16,
         "opacity":1,
         "type":"tilelayer",
         "visible":true,
         "width":5,
         "x":0,
         "y":0
        }, 
        {
         "data":[0, 0, 0, 0, 0],
         "height":1,
         "id":7,
         "name":"Features 2",
         "offsetx":0,
         "offsety":-16,
         "opacity":1,
         "type":"tilelayer",
         "visible":true,
         "width":5,
         "x":0,
         "y":0
        }, 
        {
         "data":[0, 0, 0, 9, 0],
         "height":1,
         "id":3,
         "name":"Tile Layer 3",
         "offsetx":0,
         "offsety":-32,
         "opacity":1,
         "type":"tilelayer",
         "visible":true,
         "width":5,
         "x":0,
         "y":0
        }, 
        {
         "data":[0, 0, 0, 0, 0],
         "height":1,
         "id":8,
         "name":"Features 3",
         "offsetx":0,
         "offsety":-32,
         "opacity":1,
         "type":"tilelayer",
         "visible":true,
         "width":5,
         "x":0,
         "y":0
        }, 
        {
         "data":[0, 0, 0, 10, 0],
         "height":1,
         "id":5,
         "name":"Tile Layer 4",
         "offsetx":0,
         "offsety":-48,
         "opacity":1,
         "type":"tilelayer",
         "visible":true,
         "width":5,
         "x":0,
         "y":0
        }, 
        {
         "data":[0, 0, 0, 0, 7],
         "height":1,
         "id":9,
         "name":"Features 4",
         "offsetx":0,
         "offsety":-48,
         "opacity":1,
         "type":"tilelayer",
         "visible":true,
         "width":5,
         "x":0,
         "y":0
        }],
 "nextlayerid":10,
 "nextobjectid":1,
 "orientation":"isometric",
 "renderorder":"right-down",
 "tiledversion":"1.5.0",
 "tileheight":32,
 "tilesets":[
        {
         "firstgid":1,
         "source":"..\/tiles\/prefab_tiles.tsx"
        }, 
        {
         "firstgid":5,
         "source":"..\/tiles\/forward-stairs.tsx"
        }, 
        {
         "firstgid":7,
         "source":"..\/tiles\/connection.tsx"
        }, 
        {
         "firstgid":8,
         "source":"..\/tiles\/back-stairs.tsx"
        }, 
        {
         "firstgid":11,
         "source":"..\/tiles\/ground_feature.tsx"
        }],
 "tilewidth":64,
 "type":"map",
 "version":1.5,
 "width":5
}